fecha,region,categoria,producto,ventas,unidades
2025-01-05,Lima,Tecnología,Laptop,42000,28
2025-01-12,Norte,Hogar,Licuadora,8600,43
2025-01-19,Sur,Oficina,Silla ergonómica,12500,25
2025-02-03,Lima,Tecnología,Monitor,19800,36
2025-02-14,Norte,Tecnología,Tablet,22800,38
2025-02-21,Sur,Hogar,Cafetera,9700,31
2025-03-02,Lima,Oficina,Escritorio,18400,23
2025-03-16,Norte,Hogar,Aspiradora,11200,28
2025-03-27,Sur,Tecnología,Laptop,31500,21
2025-04-04,Lima,Tecnología,Monitor,24700,45
2025-04-15,Norte,Oficina,Silla ergonómica,15600,31
2025-04-26,Sur,Hogar,Licuadora,10400,52
2025-05-06,Lima,Oficina,Escritorio,20800,26
2025-05-17,Norte,Tecnología,Tablet,27600,46
2025-05-28,Sur,Tecnología,Monitor,16300,29
2025-06-07,Lima,Hogar,Cafetera,13200,42
2025-06-18,Norte,Hogar,Aspiradora,14800,37
2025-06-29,Sur,Oficina,Silla ergonómica,11900,24
